CreditScore,Age,Tenure,Balance,NumOfProducts,HasCrCard,IsActiveMember,EstimatedSalary,TransactionAmount,IsFraud
619,42,2,0.00,1,1,1,101348.88,150.50,0
608,41,1,83807.86,1,0,1,112542.58,1250.00,0
502,42,8,159660.80,3,1,0,113931.57,8500.00,1
699,39,1,0.00,2,0,0,93826.63,45.00,0
850,43,2,125510.82,1,1,1,79084.10,320.75,0
645,44,8,113755.78,2,1,0,149756.71,9200.50,1
822,50,7,0.00,2,1,1,10062.80,88.20,0
376,29,4,115046.74,4,1,0,119346.88,15400.00,1
501,44,4,142051.07,2,0,1,74940.50,310.00,0
684,27,2,134603.88,1,1,1,71725.73,95.00,0
528,31,6,102016.72,2,0,0,80181.12,180.00,0
497,24,3,0.00,2,1,0,76390.01,210.50,0
476,34,10,101014.11,2,1,0,26260.98,420.00,0
549,25,5,0.00,2,0,0,190857.79,150.00,0
635,35,7,0.00,2,1,1,65951.65,75.00,0
616,45,3,143129.41,2,0,1,64327.26,8900.00,1
653,58,1,132602.88,1,1,0,5097.67,11200.00,1
548,46,9,119513.10,2,1,1,72904.99,650.00,0
596,44,9,0.00,2,1,0,143535.42,210.00,0
636,36,6,0.00,2,1,1,62870.88,135.00,0
732,41,8,0.00,2,1,1,170886.17,90.00,0
636,32,8,0.00,2,1,0,138555.46,145.00,0
510,38,4,0.00,1,1,0,118913.53,5400.00,1
669,46,3,0.00,2,0,1,8487.75,190.00,0
846,38,5,0.00,1,1,1,187616.16,350.00,0
777,35,6,0.00,2,1,1,142724.38,80.00,0
756,36,2,136815.64,1,1,1,17067.95,410.00,0
571,44,9,0.00,2,0,0,38433.35,120.00,0
587,35,4,141349.43,1,1,0,100187.43,620.00,0
604,39,0,99645.04,1,1,1,80445.62,240.00,0
591,43,3,0.00,3,1,1,70138.03,12800.00,1
770,36,6,0.00,2,1,0,91119.64,180.00,0
553,41,9,110112.54,2,0,0,81898.81,320.00,0
520,42,6,0.00,2,1,1,34410.55,95.00,0
716,42,8,0.00,2,1,1,189377.90,110.00,0
850,43,0,101481.56,1,1,0,74033.45,450.00,0
490,45,4,0.00,1,1,0,126488.94,7900.00,1
767,40,4,111812.37,1,1,0,172944.33,890.00,0
850,36,7,0.00,1,1,1,40812.91,150.00,0
582,41,6,72510.62,1,1,1,74720.08,230.00,0
477,46,8,118742.66,1,1,0,76707.72,9400.00,1
573,44,7,0.00,2,0,0,33254.78,160.00,0
747,49,8,0.00,2,1,1,123775.12,210.00,0
679,37,1,107297.80,2,1,1,102283.47,380.00,0
766,35,1,0.00,2,1,1,15707.41,90.00,0
704,39,1,97204.09,1,1,0,113045.24,510.00,0
523,38,6,0.00,2,1,1,124846.73,140.00,0
642,39,9,0.00,2,1,1,109328.04,180.00,0
553,40,9,117281.87,1,1,0,120286.81,420.00,0
776,32,2,109421.19,1,0,1,126517.09,310.00,0
735,43,7,0.00,2,0,0,195822.42,120.00,0
647,39,9,0.00,2,1,1,123512.44,190.00,0
637,39,9,0.00,2,1,1,118432.11,210.00,0
561,41,4,0.00,1,1,0,110482.01,8400.00,1
842,36,8,0.00,2,1,1,186358.00,130.00,0
740,36,5,0.00,2,1,1,173970.50,145.00,0
485,38,3,0.00,2,1,0,154210.02,290.00,0
732,39,7,0.00,2,1,1,120489.15,110.00,0
583,38,5,108212.19,1,1,0,130104.99,350.00,0
612,41,3,0.00,2,1,1,148201.12,175.00,0
579,35,8,0.00,2,1,0,130284.18,220.00,0
470,36,6,0.00,2,1,1,114890.35,160.00,0
543,40,5,105128.90,1,1,0,124890.11,480.00,0
570,37,7,0.00,2,1,1,118940.22,190.00,0
712,39,6,0.00,2,1,0,105840.45,210.00,0
590,42,8,112890.12,1,1,0,134890.55,8700.00,1
680,45,7,121890.66,2,1,0,145890.99,10200.00,1
615,38,5,0.00,2,1,1,115890.33,180.00,0
725,41,4,0.00,2,1,1,125890.44,140.00,0
540,36,6,0.00,1,1,0,108890.11,6200.00,1
760,43,8,114890.22,2,1,1,138890.77,290.00,0
695,39,7,0.00,2,1,1,119890.55,160.00,0
630,37,5,0.00,2,1,0,104890.22,210.00,0
585,40,6,109890.33,1,1,1,129890.88,340.00,0
710,44,7,117890.44,2,1,0,139890.99,9100.00,1
645,38,4,0.00,2,1,1,112890.11,170.00,0
575,41,6,0.00,2,1,0,122890.33,230.00,0
800,42,8,124890.55,1,1,1,148890.11,280.00,0
525,37,5,0.00,1,1,0,101890.22,7800.00,1
660,39,7,113890.44,2,1,1,133890.66,190.00,0
